<Customization level="5" description="">
    <File AppRelativePath="Bin\Box.V2.dll" FileID="e7a9d338-931a-44b1-a004-9219ff38da87" />
    <File AppRelativePath="Bin\PX.SM.BoxStorageProvider.dll" FileID="769067cd-0112-40d5-a135-57575fe18884" />
    <File AppRelativePath="Pages\SM\SM202610.aspx" FileID="bfd91cb0-9018-465e-a630-99a2e0bd21a6" />
    <File AppRelativePath="Pages\SM\SM202610.aspx.cs" FileID="8e811de4-e1a2-49e5-b4a5-7df9f664b0a9" />
    <File AppRelativePath="Pages\SM\SM202615.aspx" FileID="18ee443f-3b77-4374-9617-2cf41b104cd0" />
    <File AppRelativePath="Pages\SM\SM202615.aspx.cs" FileID="f4c5eaa2-9b1c-4e36-b015-74a6b5fbec7c" />
    <File AppRelativePath="Pages\SM\SM202620.aspx" FileID="83103ef7-22a0-4cce-80a1-73575dd5e794" />
    <File AppRelativePath="Pages\SM\SM202620.aspx.cs" FileID="257cb726-10c0-4658-be7d-2b66d7e96b5e" />
    <File AppRelativePath="Pages\SM\SM202630.aspx" FileID="d52f5116-a55f-4bba-ad69-a51719dda74a" />
    <File AppRelativePath="Pages\SM\SM202630.aspx.cs" FileID="2467e788-0962-4fdd-a568-7eb0b3d8447f" />
    <File AppRelativePath="Pages\SM\SM202640.aspx" FileID="4c414f26-307b-426a-bea6-2223c70353b7" />
    <File AppRelativePath="Pages\SM\SM202640.aspx.cs" FileID="b51d3d1c-3944-485e-997d-2c3f9e7c51c4" />
    <File AppRelativePath="Pages\SM\SM202670.aspx" FileID="5c1ffc8c-b856-4f2c-a770-a7cd768bd871" />
    <File AppRelativePath="Pages\SM\SM202670.aspx.cs" FileID="988f248f-74c3-4e7b-bc4b-a9fe8c40dbc0" />
    <SiteMapNode>
        <data-set>
            <relations version="3" main-table="SiteMap" />
            <layout>
                <table name="SiteMap" />
            </layout>
            <data>
                <SiteMap>
                    <row Position="3" Title="Folder Synchronization" Url="~/Pages/SM/SM202630.aspx" Expanded="0" IsFolder="0" ScreenID="SM202630" NodeID="5ada29f4-9a8e-4ea1-bbc7-e8e22de9e8f7" ParentID="d70800a5-c6fb-4d99-8451-920bb9d5bd6c" />
                </SiteMap>
            </data>
        </data-set>
    </SiteMapNode>
    <SiteMapNode>
        <data-set>
            <relations version="3" main-table="SiteMap" />
            <layout>
                <table name="SiteMap" />
            </layout>
            <data>
                <SiteMap>
                    <row Position="1056" Title="Box Redirect" Url="~/Pages/SM/SM202640.aspx" Expanded="0" IsFolder="0" ScreenID="SM202640" NodeID="8c337aad-37a1-4b66-8cdd-7b2f86e0d286" ParentID="84351bc9-bf6c-48b5-9dea-f8207283b64a" />
                </SiteMap>
            </data>
        </data-set>
    </SiteMapNode>
    <SiteMapNode>
        <data-set>
            <relations version="3" main-table="SiteMap" />
            <layout>
                <table name="SiteMap" />
            </layout>
            <data>
                <SiteMap>
                    <row Position="1055" Title="Box User Configuration" Url="~/Pages/SM/SM202610.aspx" Expanded="0" IsFolder="0" ScreenID="SM202610" NodeID="9a66f707-b9cb-47bb-8d7f-933ec56a8e17" ParentID="84351bc9-bf6c-48b5-9dea-f8207283b64a" />
                </SiteMap>
            </data>
        </data-set>
    </SiteMapNode>
    <SiteMapNode>
        <data-set>
            <relations version="3" main-table="SiteMap" />
            <layout>
                <table name="SiteMap" />
            </layout>
            <data>
                <SiteMap>
                    <row Position="980" Title="Box" Expanded="1" IsFolder="0" NodeID="d70800a5-c6fb-4d99-8451-920bb9d5bd6c" ParentID="504094c6-0f35-41f8-9cdd-88df76f04f5a" />
                </SiteMap>
            </data>
        </data-set>
    </SiteMapNode>
    <SiteMapNode>
        <data-set>
            <relations version="3" main-table="SiteMap" />
            <layout>
                <table name="SiteMap" />
            </layout>
            <data>
                <SiteMap>
                    <row Position="2" Title="Screen Configuration" Url="~/Pages/SM/SM202620.aspx" Expanded="0" IsFolder="0" ScreenID="SM202620" NodeID="eabf2462-6bf1-48a9-88e1-54995946652a" ParentID="d70800a5-c6fb-4d99-8451-920bb9d5bd6c" />
                </SiteMap>
            </data>
        </data-set>
    </SiteMapNode>
    <Sql TableName="BoxFileCache" TableSchemaXml="#CDATA">
        <CDATA name="TableSchemaXml"><![CDATA[<table name="BoxFileCache">
  <col name="CompanyID" type="Int" default="Zero" />
  <col name="BlobHandler" type="UniqueIdentifier" />
  <col name="FileID" type="NVarChar(256)" />
  <col name="ParentFolderID" type="NVarChar(256)" nullable="true" />
  <index name="BoxFileCache_PK" clustered="true" primary="true" unique="true">
    <col name="CompanyID" />
    <col name="BlobHandler" />
  </index>
</table>]]></CDATA>
    </Sql>
    <Sql TableName="BoxFolderCache" TableSchemaXml="#CDATA">
        <CDATA name="TableSchemaXml"><![CDATA[<table name="BoxFolderCache">
  <col name="CompanyID" type="Int" default="Zero" />
  <col name="FolderID" type="NVarChar(256)" />
  <col name="LastModifiedDateTime" type="DateTime" nullable="true" />
  <col name="RefNoteID" type="UniqueIdentifier" nullable="true" />
  <col name="ParentFolderID" type="NVarChar(256)" nullable="true" />
  <col name="ScreenID" type="VarChar(8)" nullable="true" />
  <col name="ActivityFolderID" type="NVarChar(256)" nullable="true" />
  <index name="BoxFolderCache_PK" clustered="true" primary="true" unique="true">
    <col name="CompanyID" />
    <col name="FolderID" />
  </index>
  <index name="BoxFolderCache_ScreenID_index">
    <col name="CompanyID" />
    <col name="ScreenID" />
  </index>
  <index name="BoxFolderCache_RefNoteID_index">
    <col name="CompanyID" />
    <col name="RefNoteID" />
  </index>
</table>]]></CDATA>
    </Sql>
    <Sql TableName="BoxFolderSublevelCache" TableSchemaXml="#CDATA">
        <CDATA name="TableSchemaXml"><![CDATA[<table name="BoxFolderSublevelCache">
  <col name="CompanyID" type="Int" default="Zero" />
  <col name="ScreenID" type="VarChar(8)" />
  <col name="Grouping" type="NVarChar(256)" />
  <col name="FolderID" type="NVarChar(256)" />
  <index name="BoxFolderSublevelCache_PK" clustered="true" primary="true" unique="true">
    <col name="CompanyID" />
    <col name="ScreenID" />
    <col name="Grouping" />
  </index>
</table>]]></CDATA>
    </Sql>
    <Sql TableName="BoxScreenConfiguration" TableSchemaXml="#CDATA">
        <CDATA name="TableSchemaXml"><![CDATA[<table name="BoxScreenConfiguration">
  <col name="CompanyID" type="Int" default="Zero" />
  <col name="ScreenID" type="VarChar(8)" />
  <col name="LineCntr" type="Int" />
  <index name="BoxScreenConfiguration_PK" clustered="true" primary="true" unique="true">
    <col name="CompanyID" />
    <col name="ScreenID" />
  </index>
</table>]]></CDATA>
    </Sql>
    <Sql TableName="BoxScreenGroupingFields" TableSchemaXml="#CDATA">
        <CDATA name="TableSchemaXml"><![CDATA[<table name="BoxScreenGroupingFields">
  <col name="CompanyID" type="Int" default="Zero" />
  <col name="ScreenID" type="VarChar(8)" />
  <col name="LineNbr" type="Int" />
  <col name="FieldName" type="VarChar(128)" />
  <index name="BoxScreenGroupingFields_PK" clustered="true" primary="true" unique="true">
    <col name="CompanyID" />
    <col name="ScreenID" />
    <col name="LineNbr" />
  </index>
</table>]]></CDATA>
    </Sql>
    <Sql TableName="BoxUserTokens" TableSchemaXml="#CDATA">
        <CDATA name="TableSchemaXml"><![CDATA[<table name="BoxUserTokens">
  <col name="CompanyID" type="Int" default="Zero" />
  <col name="UserID" type="UniqueIdentifier" />
  <col name="AccessToken" type="NVarChar(255)" nullable="true" />
  <col name="BoxUserID" type="NVarChar(255)" nullable="true" />
  <col name="BoxEmailAddress" type="NVarChar(255)" nullable="true" />
  <col name="SiteAdministrator" type="Bit" nullable="true" />
  <col name="RefreshToken" type="NVarChar(255)" nullable="true" />
  <col name="RefreshTokenDate" type="DateTime" nullable="true" />
  <index name="BoxUserTokens_PK" clustered="true" primary="true" unique="true">
    <col name="CompanyID" />
    <col name="UserID" />
  </index>
</table>]]></CDATA>
    </Sql>
</Customization>