<Customization level="0" description="">
    <File AppRelativePath="Bin\Box.V2.dll" FileID="ed182504-199d-4563-88a1-6c1c9d8bad80" />
    <File AppRelativePath="Bin\PX.SM.BoxStorageProvider.dll" FileID="9bde3916-2a52-48e3-87a3-ddb8bb09d095" />
    <File AppRelativePath="Pages\SM\SM202610.aspx" FileID="ac8d1a4b-d5a8-4ca4-b41e-f57dfaa17893" />
    <File AppRelativePath="Pages\SM\SM202610.aspx.cs" FileID="7024549b-37c2-4f24-ac02-7ba544218931" />
    <File AppRelativePath="Pages\SM\SM202615.aspx" FileID="1963db45-3367-40c3-8989-1588d488a0af" />
    <File AppRelativePath="Pages\SM\SM202615.aspx.cs" FileID="ce3dd6b1-d83f-4d74-8698-c4396b69c8d4" />
    <File AppRelativePath="Pages\SM\SM202620.aspx" FileID="e05bcd33-2c49-4589-bf27-893721085b71" />
    <File AppRelativePath="Pages\SM\SM202620.aspx.cs" FileID="a74294d7-20d6-4873-ab43-dde879e6990c" />
    <File AppRelativePath="Pages\SM\SM202630.aspx" FileID="4dafa0a3-5965-46e9-ad27-763a576c1b58" />
    <File AppRelativePath="Pages\SM\SM202630.aspx.cs" FileID="2a23c69b-0252-4111-9369-a8db3164c6b1" />
    <File AppRelativePath="Pages\SM\SM202640.aspx" FileID="8ee63a05-9b9d-42bb-9f46-5cba06b3fc02" />
    <File AppRelativePath="Pages\SM\SM202640.aspx.cs" FileID="3ef3bd16-5956-449e-94eb-eb654e062d00" />
    <File AppRelativePath="Pages\SM\SM202670.aspx" FileID="b413cae9-9a5d-4937-bd35-f63833bef53a" />
    <File AppRelativePath="Pages\SM\SM202670.aspx.cs" FileID="5a9dfd6d-5922-46f7-aba7-d2e41bf1a06d" />
    <SiteMapNode>
        <data-set>
            <relations version="3" main-table="SiteMap" />
            <layout>
                <table name="SiteMap" />
            </layout>
            <data>
                <SiteMap>
                    <row Position="3" Title="Folder Synchronization" Url="~/Pages/SM/SM202630.aspx" Expanded="0" IsFolder="0" ScreenID="SM202630" NodeID="5ada29f4-9a8e-4ea1-bbc7-e8e22de9e8f7" ParentID="d70800a5-c6fb-4d99-8451-920bb9d5bd6c" />
                </SiteMap>
            </data>
        </data-set>
    </SiteMapNode>
    <SiteMapNode>
        <data-set>
            <relations version="3" main-table="SiteMap" />
            <layout>
                <table name="SiteMap" />
            </layout>
            <data>
                <SiteMap>
                    <row Position="1056" Title="Box Redirect" Url="~/Pages/SM/SM202640.aspx" Expanded="0" IsFolder="0" ScreenID="SM202640" NodeID="8c337aad-37a1-4b66-8cdd-7b2f86e0d286" ParentID="84351bc9-bf6c-48b5-9dea-f8207283b64a" />
                </SiteMap>
            </data>
        </data-set>
    </SiteMapNode>
    <SiteMapNode>
        <data-set>
            <relations version="3" main-table="SiteMap" />
            <layout>
                <table name="SiteMap" />
            </layout>
            <data>
                <SiteMap>
                    <row Position="1055" Title="Box User Configuration" Url="~/Pages/SM/SM202610.aspx" Expanded="0" IsFolder="0" ScreenID="SM202610" NodeID="9a66f707-b9cb-47bb-8d7f-933ec56a8e17" ParentID="84351bc9-bf6c-48b5-9dea-f8207283b64a" />
                </SiteMap>
            </data>
        </data-set>
    </SiteMapNode>
    <SiteMapNode>
        <data-set>
            <relations version="3" main-table="SiteMap" />
            <layout>
                <table name="SiteMap" />
            </layout>
            <data>
                <SiteMap>
                    <row Position="980" Title="Box" Expanded="1" IsFolder="0" NodeID="d70800a5-c6fb-4d99-8451-920bb9d5bd6c" ParentID="504094c6-0f35-41f8-9cdd-88df76f04f5a" />
                </SiteMap>
            </data>
        </data-set>
    </SiteMapNode>
    <SiteMapNode>
        <data-set>
            <relations version="3" main-table="SiteMap" />
            <layout>
                <table name="SiteMap" />
            </layout>
            <data>
                <SiteMap>
                    <row Position="2" Title="Screen Configuration" Url="~/Pages/SM/SM202620.aspx" Expanded="0" IsFolder="0" ScreenID="SM202620" NodeID="eabf2462-6bf1-48a9-88e1-54995946652a" ParentID="d70800a5-c6fb-4d99-8451-920bb9d5bd6c" />
                </SiteMap>
            </data>
        </data-set>
    </SiteMapNode>
    <Sql TableName="BoxFileCache" TableSchemaXml="#CDATA">
        <CDATA name="TableSchemaXml"><![CDATA[<table name="BoxFileCache">
  <col name="CompanyID" type="Int" default="Zero" />
  <col name="BlobHandler" type="UniqueIdentifier" />
  <col name="FileID" type="NVarChar(256)" />
  <col name="ParentFolderID" type="NVarChar(256)" nullable="true" />
  <index name="BoxFileCache_PK" clustered="true" primary="true" unique="true">
    <col name="CompanyID" />
    <col name="BlobHandler" />
  </index>
</table>]]></CDATA>
    </Sql>
    <Sql TableName="BoxFolderCache" TableSchemaXml="#CDATA">
        <CDATA name="TableSchemaXml"><![CDATA[<table name="BoxFolderCache">
  <col name="CompanyID" type="Int" default="Zero" />
  <col name="FolderID" type="NVarChar(256)" />
  <col name="LastModifiedDateTime" type="DateTime" nullable="true" />
  <col name="RefNoteID" type="UniqueIdentifier" nullable="true" />
  <col name="ParentFolderID" type="NVarChar(256)" nullable="true" />
  <col name="ScreenID" type="VarChar(8)" nullable="true" />
  <col name="ActivityFolderID" type="NVarChar(256)" nullable="true" />
  <index name="BoxFolderCache_PK" clustered="true" primary="true" unique="true">
    <col name="CompanyID" />
    <col name="FolderID" />
  </index>
  <index name="BoxFolderCache_ScreenID_index">
    <col name="CompanyID" />
    <col name="ScreenID" />
  </index>
  <index name="BoxFolderCache_RefNoteID_index">
    <col name="CompanyID" />
    <col name="RefNoteID" />
  </index>
</table>]]></CDATA>
    </Sql>
    <Sql TableName="BoxFolderSublevelCache" TableSchemaXml="#CDATA">
        <CDATA name="TableSchemaXml"><![CDATA[<table name="BoxFolderSublevelCache">
  <col name="CompanyID" type="Int" default="Zero" />
  <col name="ScreenID" type="VarChar(8)" />
  <col name="Grouping" type="NVarChar(256)" />
  <col name="FolderID" type="NVarChar(256)" />
  <index name="BoxFolderSublevelCache_PK" clustered="true" primary="true" unique="true">
    <col name="CompanyID" />
    <col name="ScreenID" />
    <col name="Grouping" />
  </index>
</table>]]></CDATA>
    </Sql>
    <Sql TableName="BoxScreenConfiguration" TableSchemaXml="#CDATA">
        <CDATA name="TableSchemaXml"><![CDATA[<table name="BoxScreenConfiguration">
  <col name="CompanyID" type="Int" default="Zero" />
  <col name="ScreenID" type="VarChar(8)" />
  <col name="LineCntr" type="Int" />
  <index name="BoxScreenConfiguration_PK" clustered="true" primary="true" unique="true">
    <col name="CompanyID" />
    <col name="ScreenID" />
  </index>
</table>]]></CDATA>
    </Sql>
    <Sql TableName="BoxScreenGroupingFields" TableSchemaXml="#CDATA">
        <CDATA name="TableSchemaXml"><![CDATA[<table name="BoxScreenGroupingFields">
  <col name="CompanyID" type="Int" default="Zero" />
  <col name="ScreenID" type="VarChar(8)" />
  <col name="LineNbr" type="Int" />
  <col name="FieldName" type="VarChar(128)" />
  <index name="BoxScreenGroupingFields_PK" clustered="true" primary="true" unique="true">
    <col name="CompanyID" />
    <col name="ScreenID" />
    <col name="LineNbr" />
  </index>
</table>]]></CDATA>
    </Sql>
    <Sql TableName="BoxUserTokens" TableSchemaXml="#CDATA">
        <CDATA name="TableSchemaXml"><![CDATA[<table name="BoxUserTokens">
  <col name="CompanyID" type="Int" default="Zero" />
  <col name="UserID" type="UniqueIdentifier" />
  <col name="AccessToken" type="NVarChar(255)" nullable="true" />
  <col name="BoxUserID" type="NVarChar(255)" nullable="true" />
  <col name="BoxEmailAddress" type="NVarChar(255)" nullable="true" />
  <col name="SiteAdministrator" type="Bit" nullable="true" />
  <col name="RefreshToken" type="NVarChar(255)" nullable="true" />
  <col name="RefreshTokenDate" type="DateTime" nullable="true" />
  <index name="BoxUserTokens_PK" clustered="true" primary="true" unique="true">
    <col name="CompanyID" />
    <col name="UserID" />
  </index>
</table>]]></CDATA>
    </Sql>
</Customization>